# count	conf	archetype	colorL	name
46059	high	base-pale	1.8	American - Pale 2-Row
26061	high	maris-otter	3.7	United Kingdom - Maris Otter Pale
23952	high	flaked-oats	2.2	Flaked Oats
17181	high	pilsner	1.6	German - Pilsner
14165	high	dextrine	1.8	American - Carapils (Dextrine Malt)
12263	high	crystal-medium	60	American - Caramel / Crystal 60L
12115	high	pilsner	1.8	American - Pilsner
10840	high	crystal-medium	40	American - Caramel / Crystal 40L
10821	high	chocolate-malt	350	American - Chocolate
9303	high	wheat-malt	2.8	American - White Wheat
9218	high	flaked-wheat	2	Flaked Wheat
9047	high	acidulated	3.4	German - Acidulated Malt
8985	high	munich-light	6	German - Munich Light
8946	high	vienna	4	German - Vienna
8385	high	pilsner	1.6	Belgian - Pilsner
8374	high	munich-light	10	American - Munich - Light 10L
7933	high	wheat-malt	2	German - Wheat Malt
7678	high	sugar	0.5	Corn Sugar - Dextrose
7480	high	base-pale	3.5	American - Pale Ale
7401	high	extract	4	Dry Malt Extract - Light
7355	high	vienna	4	American - Vienna
7228	high	roasted-barley	300	American - Roasted Barley
7205	high	wheat-malt	1.8	American - Wheat
6954	high	base-pale	2.3	German - Pale Ale
6744	high	dextrine	1.3	German - Carapils
6741	high	crystal-dark	120	American - Caramel / Crystal 120L
6311	high	sugar	0	Cane Sugar
6134	high	crystal-light	20	American - Caramel / Crystal 20L
6129	high	special-b	115	Belgian - Special B
6082	high	flaked-barley	2.2	Flaked Barley
5760	high	honey-malt	25	Canadian - Honey Malt
5562	high	melanoidin	25	German - Melanoidin
5424	high	chocolate-malt	424.8	United Kingdom - Chocolate
5351	high	extract	4	Liquid Malt Extract - Light
5330	high	biscuit-malt	23	Belgian - Biscuit
5294	high	maris-otter	3	United Kingdom - Golden Promise
5192	high	victory-amber	28	American - Victory
5158	high	honey-sugar	2	Honey
4738	high	lactose	1	Lactose (Milk Sugar)
4659	high	crystal-light	10	American - Caramel / Crystal 10L
4594	high	flaked-corn	0.5	Flaked Corn
4422	high	lauter	0	Rice Hulls
4168	high	crystal-dark	80	American - Caramel / Crystal 80L
4065	high	roasted-barley	549.8	United Kingdom - Roasted Barley
4041	high	base-pale	2.5	United Kingdom - Pale 2-Row
3747	high	rye-malt	3.5	American - Rye
3695	high	base-pale	1.8	Canadian - Pale 2-Row
3475	high	base-pale	3.4	Belgian - Pale Ale
3451	high	crystal-medium	39	German - CaraMunich I
3253	high	crystal-light	20	German - CaraRed
3252	high	black-malt	499.9	American - Black Malt
3217	high	crystal-medium	46	German - CaraMunich II
3193	high	sugar	15	Brown Sugar
3168	high	munich-light	6	Belgian - Munich
3125	high	pale-chocolate	207	United Kingdom - Pale Chocolate
3070	high	flaked-oats	2.2	Rolled Oats
3064	high	black-malt	524.8	United Kingdom - Black Patent
3016	high	crystal-light	11	German - CaraHell
2913	high	carafa-dehusked	534.6	German - Carafa III
2849	high	torrified-wheat	2	Torrified Wheat
2803	high	pilsner	1.9	German - Bohemian Pilsner
2729	high	crystal-medium	60	United Kingdom - Crystal 60L
2685	high	dextrine	1.8	German - CaraFoam
2588	high	carafa-dehusked	424.8	German - Carafa II
2431	high	aromatic	38	Belgian - Aromatic
2423	high	wheat-malt	1.8	Belgian - Wheat
2382	high	extract	2	Dry Malt Extract - Pilsen
2374	high	aromatic	20	American - Aromatic Malt
2320	high	munich-dark	15.5	German - Munich Dark
2285	high	crystal-medium	57	German - CaraMunich III
2218	high	extract	2.5	Dry Malt Extract - Extra Light
2209	high	crystal-medium	50	Belgian - CaraMunich
2189	medium	brown-malt	65	United Kingdom - Brown
2134	high	crystal-dark	129.9	German - CaraAroma
2107	high	extract	3	Dry Malt Extract - Wheat
2061	high	munich-light	6	United Kingdom - Munich
2024	high	wheat-malt	2	United Kingdom - Wheat
1989	high	extract	10	Liquid Malt Extract - Amber
1965	high	crystal-light	17.5	United Kingdom - Cara Malt
1954	high	extract	10	Dry Malt Extract - Amber
1932	high	wheat-malt	1.5	German - Pale Wheat
1918	high	extract	2	Liquid Malt Extract - Pilsen
1867	high	wheat-malt	2.5	American - Red Wheat
1865	high	crystal-light	15	American - Caramel / Crystal 15L
1861	high	munich-dark	20	American - Munich - Dark 20L
1808	medium	amber-malt	27	United Kingdom - Amber
1798	high	crystal-light	30	American - Caramel / Crystal 30L
1783	high	munich-dark	10	German - Dark Munich
1781	high	base-pale	1.8	American - Pale 6-Row
1686	high	rye-malt	2.8	Flaked Rye
1639	high	munich-light	60	American - Munich - 60L
1639	high	black-malt	549.7	American - Midnight Wheat Malt
1596	high	flaked-rice	0.5	Flaked Rice
1551	high	chocolate-malt	340.1	Belgian - Chocolate
1550	high	crystal-medium	45	United Kingdom - Crystal 45L
1548	high	rye-malt	3.5	German - Rye
1543	high	carafa-dehusked	339.9	German - Carafa I
1498	high	crystal-light	20	Belgian - CaraVienne
1492	high	pilsner	1.8	United Kingdom - Pilsen
1476	high	base-pale	2	Finland - Pale Ale Malt
1462	medium	sugar	0	Belgian Candi Sugar - Clear/Blond (0L)
1439	high	flaked-oats	10	United Kingdom - Golden Naked Oats
1371	high	crystal-medium	50	American - Special Roast
1370	high	crystal-dark	80	United Kingdom - Dark Crystal 80L
1360	high	extract	3	Liquid Malt Extract - Wheat
1329	high	pilsner	2	Finland - Pilsner Malt
1327	high	crystal-light	23	German - CaraAmber
1296	high	dextrine	0	Maltodextrin
1240	high	crystal-dark	150	American - Caramel / Crystal 150L
1195	high	extract	30	Dry Malt Extract - Dark
1187	high	smoked-malt	3	German - Smoked Malt
1159	high	flaked-oats	2	United Kingdom - Oat Malt
1137	high	extract	30	Liquid Malt Extract - Dark
1123	high	crystal-medium	75	American - Caramel / Crystal 75L
1113	high	extract	2.5	Liquid Malt Extract - Extra Light
1112	high	dextrine	1.5	Briess - Carapils Malt
1110	high	crystal-dark	90	American - Caramel / Crystal 90L
1103	high	chocolate-malt	420.1	American - Dark Chocolate
1077	high	crystal-light	30	United Kingdom - Crystal 30L
1072	high	crystal-dark	119.9	United Kingdom - Extra Dark Crystal 120L
1068	high	dextrine	8	Belgian - Caramel Pils
1059	high	maris-otter	3	Crisp Malting - Finest Maris Otter
1038	high	sugar	80	Molasses
1031	high	pilsner	1.8	German - Floor-Malted Bohemian Pilsner
1007	high	smoked-malt	5	American - Smoked Malt
1004	high	dextrine	2.4	German - Caramel Pils
958	high	base-pale	1.8	Briess - Brewers Malt 2-Row
937	medium	munich-light	12	German - Red X
906	high	chocolate-malt	412.8	German - Chocolate Wheat
900	high	wheat-malt	2	Finland - Wheat Malt
898	high	wheat-malt	2	Canadian - Pale Wheat
891	high	munich-light	10	American - Bonlander Munich
889	high	crystal-medium	50	United Kingdom - Crystal 50L
875	high	chocolate-malt	239.8	German - Chocolate Rye
843	high	roasted-barley	574.7	Belgian - Roasted Barley
840	high	crystal-medium	70	United Kingdom - Crystal 70L
840	high	chocolate-malt	337.9	Finland - Chocolate Malt
824	high	crystal-dark	89.9	United Kingdom - Crystal 90L
820	high	crystal-dark	140	United Kingdom - Crystal 140L
802	high	extract	4	Briess - DME Golden Light
792	high	extract	8	Liquid Malt Extract - Munich
787	high	extract	2	Briess - DME Pilsen Light
772	high	black-malt	500	American - Blackprinz
739	high	crystal-light	15	United Kingdom - Crystal 15L
705	high	sugar	10	Turbinado
700	low	base-pale	1.4	United Kingdom - Lager
698	high	dextrine	1.8	United Kingdom - Dextrine Malt
690	high	crystal-light	22	Belgian - Cara 20L
688	high	munich-light	10	Canadian - Munich Light
686	high	black-malt	530	American - Black Barley
686	low	chocolate-malt	150	United Kingdom - Coffee Malt
678	high	base-pale	3.5	Briess - Pale Ale Malt 2-Row
663	high	crystal-medium	42	Belgian - Cara 45L
658	high	base-pale	3	New Zealand - Ale Malt
653	high	wheat-malt	2.5	Briess - Wheat Malt, White
652	high	wheat-malt	2.1	New Zealand - Wheat Malt
649	high	wheat-malt	2	Belgian - Unmalted Wheat
639	high	munich-light	7	Finland - Munich Malt
623	high	flaked-oats	1.3	United Kingdom - Malted Naked Oats
623	high	pilsner	1.2	Briess - Pilsen Malt 2-Row
607	high	sugar	28.1	Maple Syrup
602	high	crystal-light	33.9	United Kingdom - Carastan (30/37)
598	medium	dark-candi-syrup	60	Belgian Candi Sugar - Amber/Brown (60L)
596	high	pilsner	1.9	New Zealand - Pilsner Malt
595	medium	melanoidin	17	German - Abbey Malt
595	high	crystal-medium	55	American - CaraCrystal Wheat Malt
584	high	black-malt	566	Belgian - De-Bittered Black
570	high	extract	4	Briess - LME Golden Light
565	high	base-pale	30	American - Pale 2-Row - Toasted
559	high	crystal-dark	159.8	United Kingdom - Extra Dark Crystal 160L
547	high	wheat-malt	6.5	German - Dark Wheat
546	high	crystal-dark	90	United Kingdom - Crystal Rye
519	high	base-pale	2.5	New Zealand - American Ale Malt
512	high	crystal-dark	470	German - De-Husked Caraf III
494	low	base-pale	2	German - Spelt Malt
482	high	flaked-oats	2.5	Briess - Brewers Oat Flakes
477	medium	dark-candi-syrup	275	Belgian Candi Sugar - Dark (275L)
475	high	smoked-malt	2.5	United Kingdom - Peated Malt
466	high	extract	2	Briess - LME Pilsen Light
460	high	crystal-medium	56.2	New Zealand - Medium Crystal Malt
460	high	crystal-light	31.9	New Zealand - Light Crystal Malt
460	high	munich-light	7.9	New Zealand - Munich Malt
458	medium	dark-candi-syrup	180	Candi Syrup - Belgian Candi Syrup - D-180
446	high	pilsner	1.5	Weyermann - Pilsner
443	high	vienna	3	Finland - Vienna Malt
442	low	base-pale	1.4	Briess - Barley, Flaked
432	high	crystal-medium	55	American - CaraBrown
411	high	melanoidin	27	Finland - Melanoid Malt
411	high	base-pale	2.3	Weyermann - Pale Ale
406	high	extract	3	Briess - DME Bavarian Wheat
399	high	crystal-medium	46	German - Caramel Wheat
385	high	acidulated	3.4	Weyermann - Acidulated
380	high	chocolate-malt	350	Briess - Chocolate
379	high	crystal-dark	418	German - De-Husked Caraf II
379	high	crystal-medium	75	German - CaraBohemian
375	high	maris-otter	2.1	United Kingdom - Pearl
368	high	base-pale	1.8	Rahr - Standard 2-Row
360	high	crystal-light	17.5	Crisp Malting - Caramalt 15L
360	high	extract	4	Liquid Malt Extract - Maris Otter
359	high	crystal-medium	38	Finland - Crystal Malt 100
358	high	extract	8	Dry Malt Extract - Munich
357	medium	dark-candi-syrup	90	Candi Syrup - Belgian Candi Syrup - D-90
355	high	biscuit-malt	30.5	New Zealand - Biscuit Malt
343	high	vienna	3.5	New Zealand - Vienna Malt
340	medium	sugar	0	Belgian Candi Sugar - Clear/Blond
334	high	extract	6	Briess - DME Pale Ale
329	high	crystal-medium	55	United Kingdom - Crystal 55L
320	high	pale-chocolate	220.3	Crisp Malting - Pale Chocolate
320	high	crystal-medium	57	Finland - Crystal Malt 150
316	high	crystal-light	4	Finland - Cara Pale
315	high	rye-malt	3.7	Briess - Rye Malt
315	high	crystal-medium	60	Briess - Caramel Malt - 60L
311	high	adjunct	0	Apple
310	high	black-malt	550.6	Briess - Midnight Wheat Malt
302	high	sugar	1	Invert Sugar
302	high	vienna	3.5	Weyermann - Vienna Malt
297	medium	sugar	0	Candi Syrup - Belgian Candi Syrup - Clear (0L)
297	high	dextrine	1.8	Weyermann - Carapils
295	high	sugar	1	Rice Syrup Solids
294	high	crystal-medium	40	Briess - Caramel Malt - 40L
290	high	munich-light	6	Weyermann - Munich Type I
289	high	crystal-light	13.6	Weyermann - CaraBelge
289	high	wheat-malt	2	Weyermann - Pale Wheat
286	high	base-pale	4	Crisp Malting - Pale Ale
284	high	crystal-dark	96.5	New Zealand - Dark Crystal Malt
282	high	roasted-barley	298.9	Briess - Roasted Barley
274	high	munich-light	10	Briess - Bonlander Munich Malt 10L
270	medium	dark-candi-syrup	80	Candi Syrup - Belgian Candi Syrup - Dark (80L)
266	medium	brown-malt	65	Crisp Malting - Brown Malt
261	high	extract	6	Briess - LME Pale Ale
256	low	base-pale	3.5	Canadian - ESB Malt
255	high	crystal-medium	67	German - CaraRye
255	low	base-pale	5.1	New Zealand - Gladiator Malt
247	high	crystal-light	19	Finland - Crystal Malt 50
244	low	base-pale	5.3	New Zealand - Toffee Malt
242	high	adjunct	0	Mango
242	high	black-malt	525.9	Finland - Black Malt
241	high	sugar	0.5	Corn Syrup
238	high	base-pale	3	Ireland - Ale Malt
236	high	vienna	3.5	Briess - Goldpils Vienna Malt
233	medium	dark-candi-syrup	45	Candi Syrup - Belgian Candi Syrup - D-45
233	high	victory-amber	28	Briess - Victory Malt
231	medium	sugar	5	Candi Syrup - Belgian Candi Syrup - Golden (5L)
225	medium	dark-candi-syrup	40	Candi Syrup - Belgian Candi Syrup - Amber (40L)
224	high	crystal-light	15	Crisp Malting - Caramalt
223	high	sugar	2	White Sorghum Syrup  - Gluten Free
223	high	aromatic	20	Briess - Aromatic Munich Malt 20L
222	high	crystal-dark	120	Briess - Caramel Malt - 120L
220	high	chocolate-malt	659.9	New Zealand - Dark Chocolate Malt
218	high	base-pale	1.8	United Kingdom - Extra Pale Malt
215	medium	sugar	5	Soft Candi Sugar - Blond
214	high	maris-otter	2.3	Muntons - Maris Otter
203	high	crystal-medium	60	Crisp Malting - Crystal 60L
203	high	honey-malt	24.9	Gambrinus - Honey Malt
199	high	chocolate-malt	373.6	Chocolate Malt
199	high	adjunct	0	Pumpkin (canned)
198	medium	brown-malt	90.4	New Zealand - Brown Malt
194	low	base-pale	3	United Kingdom - Mild
194	high	sugar	1	Briess - Dextrose
191	high	adjunct	0	Blueberry
190	high	base-pale	2.5	Viking - Pale Ale Malt
186	high	chocolate-malt	456.9	New Zealand - Light Chocolate Malt
184	high	pilsner	2	German - Floor-Malted Bohemian Wheat
184	high	base-pale	2	Avangard - Pale 2 Row
183	high	torrified-wheat	3	Crisp Malting - Torrefied Wheat
182	high	flaked-oats	1.4	New Zealand - Rolled Oats
181	high	crystal-dark	338.8	German - De-Husked Caraf I
176	high	extract	10	Briess - DME Sparkling Amber
173	high	roasted-barley	736	New Zealand - Roast Barley
172	high	maris-otter	2.4	Simpsons - Golden Promise
170	high	black-malt	500	Briess - Black Malt - 2-Row
169	high	crystal-light	20	Briess - Caramel Malt - 20L
168	high	wheat-malt	2	Briess - White Wheat Raw
166	high	extract	3	Briess - LME Bavarian Wheat
165	high	lauter	0	Briess - Rice Hulls
162	low	base-pale	2	American - Buckwheat Malt - Gluten Free
161	high	maris-otter	1.8	Simpsons - Maris Otter Extra Pale
160	high	honey-sugar	2	Honey 
160	high	adjunct	0	Raspberry
159	high	crystal-dark	113	Finland - Crystal Malt 300
159	high	adjunct	0	Pumpkin (fresh)
157	low	base-pale	3.6	German - Kölsch
157	high	smoked-malt	5	Briess - Cherry Wood Smoked Malt
157	high	maris-otter	2.5	Bairds - Maris Otter Pale Ale
155	low	base-pale	5.3	Briess - Ashbourne Mild
155	high	base-pale	3.4	Castle Malting - Château Pale Ale
151	high	flaked-rice	1	Briess - Rice, Flaked
150	high	munich-dark	32	Canadian - Munich Dark
150	high	adjunct	0	Strawberry
150	high	crystal-light	10	Briess - Caramel Malt - 10L
150	high	crystal-light	10	Weyermann - Carahell
148	medium	biscuit-malt	19	Finland - Cookie Malt
145	high	base-pale	2	2-Row Malt
144	high	pilsner	1.9	Viking - Pilsner Malt
142	high	crystal-medium	45.1	Crisp Malting - Crystal Light - 45L
141	high	torrified-wheat	1.5	Briess - Brewers Torrified Wheat
140	high	base-pale	2.1	Pale Malt (2 Row) US
137	high	roasted-barley	335.4	Roasted Barley
137	high	adjunct	0	Peach
137	high	adjunct	0	Cherry
136	high	honey-sugar	2	Honey (Buckwheat)
133	high	adjunct	0	Pineapple
133	high	crystal-medium	60	Briess - Caramel Munich 60L
132	medium	dark-candi-syrup	60	Belgian Candi Sugar - Amber/Brown
132	medium	munich-dark	29.4	New Zealand - Aurora Malt
131	high	extract	30	Briess - DME Traditional Dark
131	high	pilsner	1.9	Bestmalz - BEST Pilsen
130	low	base-pale	2	New Zealand - Sour Grapes Malt
128	high	crystal-light	15	United Kingdom - Carastan Light (15L)
126	medium	dark-candi-syrup	60	Soft Candi Sugar - Brown
126	high	rye-malt	3	New Zealand - Malted Rye
124	high	sugar	0.5	Corn Sugar - Dextrose 
124	low	base-pale	5.5	Torrified Barley
124	high	flaked-oats	1	Oats, Flaked
124	low	base-pale	2	Ireland - Stout Malt
124	high	crystal-medium	77	Crisp Malting - Crystal Dark - 77L
123	medium	dark-candi-syrup	275	Belgian Candi Sugar - Dark
123	high	pilsner	1.9	Castle Malting - Château Pilsen 2RS
122	medium	munich-dark	32.9	New Zealand - Red Back Malt
122	high	flaked-corn	0.8	Briess - Brewers Yellow Corn Flakes
122	high	flaked-wheat	2	Briess - Brewers Red Wheat Flakes
121	medium	dark-candi-syrup	80	Candi Syrup - Belgian Candi Syrup - Dark
121	high	extract	8	Briess - LME Munich
120	high	pilsner	2	Ireland - Lager Malt
120	high	adjunct	0	Raspberry, red
117	high	base-pale	1	2-Row (US)
117	high	maris-otter	2.4	Simpsons - Maris Otter pale
115	low	base-pale	1.5	American - Pale Millet Malt - Gluten Free
115	high	chocolate-malt	350	Briess - Organic Chocolate Malt
113	high	base-pale	1.9	American 2-row
113	high	wheat-malt	1.8	Castle Malting - Château Wheat Blanc
111	high	crystal-medium	45	Weyermann - Caramunich Type 2
110	high	crystal-medium	40.3	Caramel/Crystal Malt - 40L
110	low	base-pale	1	Grits
110	medium	dark-candi-syrup	40	Candi Syrup - Belgian Candi Syrup - Amber
110	high	extract	9.2	Liquid Malt Extract - Rye
108	high	pilsner	2.4	Weyermann - Bohemian Pilsner Malt
106	high	sugar	1	Invert Sugar Syrup
106	high	sugar	2.7	Agave Nectar
106	high	crystal-light	14	Simpsons - CaraMalt
106	high	base-pale	2.8	Bestmalz - BEST Pale ale
105	high	munich-light	9.3	Munich Malt
105	high	crystal-dark	80	Briess - Caramel Malt - 80L
104	high	crystal-light	10	American - Crystal 10L Millet Malt - Gluten Free
104	high	wheat-malt	2.3	Briess - Wheat Malt, Red
104	high	black-malt	500	Briess - Blackprinz Malt
104	medium	amber-malt	27.5	Crisp Malting - Amber
103	high	adjunct	0	Blackberry
102	low	base-pale	2	Great Western  - Premium Two Row
101	low	chocolate-malt	152.3	New Zealand - Shepherds Delight Malt
101	high	pilsner	1.5	Weyermann - Extra Pale Premium Pilsner Malt
100	medium	sugar	0	Candi Syrup - Belgian Candi Syrup - Clear
100	high	pilsner	1.9	Bestmalz - Pilsen
99	high	maris-otter	2	United Kingdom - Halcyon
99	high	maris-otter	2.1	United Kingdom - Optic
99	high	extract	10	Briess - LME Sparkling Amber Liquid
98	high	pilsner	6.5	German - Floor-Malted Bohemian Pilsner Dk
98	high	base-pale	2.6	Gladfield - American Ale Malt
98	high	extract	3	Briess - LME White Grain Sorghum
97	high	sugar	2	Brown Rice Syrup - Gluten Free
97	high	crystal-dark	150	Muntons - Dark Crystal
97	high	carafa-dehusked	525	Weyermann - Carafa III
96	high	crystal-medium	57	Finland - Cara Plus 150
94	low	base-pale	0	Raisins (dried)
94	high	crystal-light	13.6	Weyermann - CARABELGE
91	high	wheat-malt	2.8	American - White Wheat 
91	high	munich-dark	10	Weyermann - Munich Dark 
91	high	dextrine	2.2	Weyermann - Carafoam
91	high	crystal-medium	57	Weyermann - Caramunich Type 3
91	high	crystal-medium	35	Weyermann - Caramunich Type 1
90	high	maris-otter	2	Crisp Malting - Extra Pale Maris Otter
89	high	crystal-medium	38	Finland - Cara Plus 100
89	high	flaked-oats	7	Simpsons - Golden Naked Oats
89	high	acidulated	2.8	Bestmalz - BEST Acidulated
89	high	maris-otter	2.1	Thomas Fawcett - Maris Otter
87	high	crystal-light	26.9	Weyermann - CaraAmber
87	high	wheat-malt	279.2	New Zealand - Roasted Wheat
87	high	wheat-malt	1.6	BSG - Flaked White Wheat
87	high	pilsner	2	Maltear - Pilsener
86	high	vienna	3.9	Vienna Malt
86	high	crystal-dark	94	Finland - Crystal Malt 250
86	high	roasted-barley	432.3	Weyermann - Roasted Barley
85	high	victory-amber	27.7	Victory Malt
85	high	chocolate-malt	383.8	Crisp Malting - Chocolate Malt
85	high	black-malt	600	Crisp Malting - Black
81	high	maris-otter	2.4	Simpsons - Finest Pale Ale Golden Promise
79	high	dextrine	2	CaraPils
77	high	pilsner	1.7	Avangard - Pilsner
77	high	crystal-medium	60.6	Castle Malting - Château Crystal
77	low	base-pale	3	Crisp Malting - Best Ale
76	high	crystal-light	18.6	Caramel/Crystal Malt - 20L
76	high	crystal-dark	120	Crisp Malting - Crystal Extra Dark - 120L
75	high	crystal-medium	35.7	Weyermann - CaraAroma
75	high	maris-otter	2.6	Simpsons - Finest Pale Ale Maris Otter
74	high	pilsner	1.8	Castle Malting Pilsen 2RP/2RS
73	high	crystal-dark	79.8	Caramel/Crystal Malt - 80L
73	high	pilsner	2	Gladfield - German Pilsner Malt
73	high	extract	30	Briess - LME Traditional Dark
72	high	maris-otter	2.6	Thomas Fawcett - Maris Otter Pale Ale Malt
71	medium	munich-dark	14	Finland - Dark Ale

# --- LOW/MEDIUM confidence within top 400 (eyeball these) ---
2189	medium	brown-malt	65	United Kingdom - Brown
1808	medium	amber-malt	27	United Kingdom - Amber
1462	medium	sugar	0	Belgian Candi Sugar - Clear/Blond (0L)
937	medium	munich-light	12	German - Red X
700	low	base-pale	1.4	United Kingdom - Lager
686	low	chocolate-malt	150	United Kingdom - Coffee Malt
598	medium	dark-candi-syrup	60	Belgian Candi Sugar - Amber/Brown (60L)
595	medium	melanoidin	17	German - Abbey Malt
494	low	base-pale	2	German - Spelt Malt
477	medium	dark-candi-syrup	275	Belgian Candi Sugar - Dark (275L)
458	medium	dark-candi-syrup	180	Candi Syrup - Belgian Candi Syrup - D-180
442	low	base-pale	1.4	Briess - Barley, Flaked
357	medium	dark-candi-syrup	90	Candi Syrup - Belgian Candi Syrup - D-90
340	medium	sugar	0	Belgian Candi Sugar - Clear/Blond
297	medium	sugar	0	Candi Syrup - Belgian Candi Syrup - Clear (0L)
270	medium	dark-candi-syrup	80	Candi Syrup - Belgian Candi Syrup - Dark (80L)
266	medium	brown-malt	65	Crisp Malting - Brown Malt
256	low	base-pale	3.5	Canadian - ESB Malt
255	low	base-pale	5.1	New Zealand - Gladiator Malt
244	low	base-pale	5.3	New Zealand - Toffee Malt
233	medium	dark-candi-syrup	45	Candi Syrup - Belgian Candi Syrup - D-45
231	medium	sugar	5	Candi Syrup - Belgian Candi Syrup - Golden (5L)
225	medium	dark-candi-syrup	40	Candi Syrup - Belgian Candi Syrup - Amber (40L)
215	medium	sugar	5	Soft Candi Sugar - Blond
198	medium	brown-malt	90.4	New Zealand - Brown Malt
194	low	base-pale	3	United Kingdom - Mild
162	low	base-pale	2	American - Buckwheat Malt - Gluten Free
157	low	base-pale	3.6	German - Kölsch
155	low	base-pale	5.3	Briess - Ashbourne Mild
148	medium	biscuit-malt	19	Finland - Cookie Malt
132	medium	dark-candi-syrup	60	Belgian Candi Sugar - Amber/Brown
132	medium	munich-dark	29.4	New Zealand - Aurora Malt
130	low	base-pale	2	New Zealand - Sour Grapes Malt
126	medium	dark-candi-syrup	60	Soft Candi Sugar - Brown
124	low	base-pale	5.5	Torrified Barley
124	low	base-pale	2	Ireland - Stout Malt
123	medium	dark-candi-syrup	275	Belgian Candi Sugar - Dark
122	medium	munich-dark	32.9	New Zealand - Red Back Malt
121	medium	dark-candi-syrup	80	Candi Syrup - Belgian Candi Syrup - Dark
115	low	base-pale	1.5	American - Pale Millet Malt - Gluten Free
110	low	base-pale	1	Grits
110	medium	dark-candi-syrup	40	Candi Syrup - Belgian Candi Syrup - Amber
104	medium	amber-malt	27.5	Crisp Malting - Amber
102	low	base-pale	2	Great Western  - Premium Two Row
101	low	chocolate-malt	152.3	New Zealand - Shepherds Delight Malt
100	medium	sugar	0	Candi Syrup - Belgian Candi Syrup - Clear
94	low	base-pale	0	Raisins (dried)
77	low	base-pale	3	Crisp Malting - Best Ale
71	medium	munich-dark	14	Finland - Dark Ale