# count	conf	class	subs	raw	preset
32434	high	solo:us-05	4	Fermentis - Safale - American Ale Yeast US-05	SafAle US-05
16476	low		0	(none)	
11193	high	Whitbread (S-04)	5	Fermentis - Safale - English Ale Yeast S-04	SafAle S-04
10847	none		0	- -	
7273	high	Chico (West Coast)	3	White Labs - California Ale Yeast WLP001	WLP001 California Ale Yeast
6086	high	Chico (American Ale)	4	Wyeast - American Ale 1056	1056 American Ale
4468	medium	Nottingham	1	Danstar - Nottingham Ale Yeast	LalBrew Nottingham
3399	high	London Ale III (1318)	2	Wyeast - London Ale III 1318	1318 London Ale III
3288	high	Weihenstephan 34/70	2	Fermentis - Saflager - German Lager Yeast W-34/70	SafLager W-34/70
1827	high	Fuller's (WLP002)	4	White Labs - English Ale Yeast WLP002	WLP002 English Ale Yeast
1799	high	American Ale II (1272)	3	Wyeast - American Ale II 1272	1272 American Ale II
1665	high	Dry English Ale (WLP007)	2	White Labs - Dry English Ale Yeast WLP007	WLP007 Dry English Ale Yeast
1637	high	solo:wb-06	4	Fermentis - Safbrew - Wheat Beer Yeast WB-06	SafAle WB-06
1473	high	BRY-97 (Siebel West Coast)	4	Mangrove Jack - US West Coast Yeast M44	M44 US West Coast Yeast
1391	high	Kölsch (WLP029)	1	White Labs - German Ale/ Kölsch Yeast WLP029	WLP029 German Ale/Kölsch Yeast
1368	high	S-23 (Pilsner Urquell H-Strain)	4	Fermentis - Saflager - German Lager Yeast S-23	SafLager S-23
1363	high	San Diego Super / Ballast Point (WLP090)	1	White Labs - San Diego Super Yeast WLP090	WLP090 San Diego Super Ale Yeast
1309	high	solo:t-58	1	Fermentis - Safbrew - Specialty Ale Yeast T-58	SafAle T-58
1224	high	Irish Ale (1084)	0	Wyeast - Irish Ale 1084	1084 Irish Ale
1193	high	Belle Saison / French Saison (3711)	4	Danstar - Belle Saison Yeast	B64 Napoleon
1183	high	Belle Saison / French Saison (3711)	4	Wyeast - French Saison 3711	3711 French Saison
1155	high	Irish Ale (1084)	0	White Labs - Irish Ale Yeast WLP004	WLP004 Irish Ale Yeast
1122	high	American Ale II (1272)	3	Danstar - American West Coast Yeast BRY-97	American Ale
1108	high	Fuller's (1968 ESB)	5	Wyeast - London ESB Ale 1968	1968 London ESB Ale
1060	high	Weihenstephan 3068 (WLP380)	1	Wyeast - Weihenstephan Weizen 3068	3068 Weihenstephan Weizen
1032	high	S-33 (Edme Ale)	4	Fermentis - Safbrew - General/Belgian Yeast S-33	SafAle S-33
1011	high	London Ale (1028)	2	Wyeast - London Ale 1028	1028 London Ale
954	high	solo:k-97	2	Fermentis - Safale - German Ale Yeast K-97	SafAle K-97
929	high	London Ale III (1318)	2	Imperial Yeast - A38 Juice	A38 Juice
906	high	Weihenstephan Hefe (WLP300)	3	White Labs - Hefeweizen Ale Yeast WLP300	WLP300 Hefeweizen Ale Yeast
859	high	Voss	0	Omega Yeast Labs - Voss Kveik OYL-061	OYL-061 Voss Kveik
853	high	solo:wlp051	2	White Labs - California Ale V Yeast WLP051	WLP051 California Ale V Yeast
842	high	Westmalle (WLP530)	0	White Labs - Abbey Ale Yeast WLP530	WLP530 Abbey Ale Yeast
836	high	solo:wlp013	2	White Labs - London Ale Yeast WLP013	WLP013 London Ale Yeast
824	high	Kölsch (2565)	1	Wyeast - Kölsch 2565	2565 Kölsch
805	high	British Ale I (Whitbread)	3	Wyeast - British Ale 1098	1098 British Ale
789	high	solo:wlp060	0	White Labs - American Ale Yeast Blend WLP060	WLP060 American Ale Yeast Blend
760	medium	Windsor (Whitbread B)	2	Danstar - Windsor Ale Yeast	LalBrew Windsor
754	high	German Ale / Kölsch (1007)	2	Wyeast - German Ale 1007	1007 German Ale
744	high	Scottish Ale (1728)	1	Wyeast - Scottish Ale 1728	1728 Scottish Ale
740	high	Weihenstephan 34/70 (WLP830)	3	White Labs - German Lager Yeast WLP830	WLP830 German Lager Yeast
689	high	Hoegaarden Wit (WLP400)	2	White Labs - Belgian Wit Ale Yeast WLP400	WLP400 Belgian Wit Ale Yeast
663	high	Westmalle (WLP530)	0	Wyeast - Trappist High Gravity 3787	3787 Trappist High Gravity
653	high	Verdant / London Ale III (WLP066)	1	White Labs - London Fog Ale Yeast WLP066	WLP066 London Fog Ale Yeast
650	high	solo:wlp005	2	White Labs - British Ale Yeast WLP005	WLP005 British Ale Yeast
610	high	Nottingham	1	Mangrove Jack - New World Strong Ale M42	M42 New World Strong Ale Yeast
606	high	Hoegaarden Wit (WLP400)	2	Wyeast - Belgian Witbier 3944	3944 Belgian Witbier
604	high	Whitbread (S-04)	2	Mangrove Jack - Liberty Bell Ale M36	M36 Liberty Bell Ale Yeast
592	high	Denny's Favorite 50 (1450)	0	Wyeast - Denny's Favorite 50 1450	1450 Denny's Favorite 50 Ale
573	high	Bohemian Lager (2124)	4	Wyeast - Bohemian Lager 2124	2124 Bohemian Lager
573	high	Hornindal	0	Omega Yeast Labs - Hornindal Kveik OYL-091	OYL-091 Hornindal Kveik
567	high	Chico (American Ale)	3	Imperial Yeast - A07 Flagship	A07 Flagship
566	high	Edinburgh (McEwan's)	1	White Labs - Edinburgh Scottish Ale Yeast WLP028	WLP028 Edinburgh/Scottish Ale Yeast
541	high	Dupont (Saison, WLP565)	1	Wyeast - Belgian Saison 3724	3724 Belgian Saison
533	high	Ayinger (German Bock, WLP833)	0	White Labs - German Bock Lager Yeast WLP833	WLP833 German Bock Lager Yeast
529	high	Pacific NW / BridgePort (1332)	1	Wyeast - Northwest Ale 1332	1332 Northwest Ale
519	high	Dupont (Saison, WLP565)	1	White Labs - Belgian Saison I Yeast WLP565	WLP565 Belgian Saison I Ale Yeast
505	medium	Conan (Vermont Ale)	0	The Yeast Bay - Vermont Ale	Vermont Ale
504	high	Bavarian Lager (2206)	1	Wyeast - Bavarian Lager 2206	2206 Bavarian Lager
499	high	solo:1010	1	Wyeast - American Wheat 1010	1010 American Wheat
490	high	Chimay (Trappist, WLP500)	4	White Labs - Trappist Ale Yeast WLP500	WLP500 Trappist Ale Yeast
487	high	BE-134 (Saison Dupont)	2	Fermentis - Safale - Belgian Saison Ale Yeast BE-134	SafAle BE-134
482	high	solo:m20	4	Mangrove Jack - Bavarian Wheat Yeast M20	M20 Bavarian Wheat Yeast
479	high	solo:m54	0	Mangrove Jack - Californian Lager M54	M54 Californian Lager Yeast
477	high	Ardennes / Achouffe (WLP550)	0	Wyeast - Belgian Ardennes 3522	3522 Belgian Ardennes
453	high	solo:oyl-057	0	Omega Yeast Labs - HotHead Ale OYL-057	OYL-057 Hothead Kveik
451	high	East Coast Ale (WLP008)	1	White Labs - East Coast Ale Yeast WLP008	WLP008 East Coast Ale Yeast
447	high	Ardennes / Achouffe (WLP550)	0	White Labs - Belgian Ale Yeast WLP550	WLP550 Belgian Ale Yeast
446	high	Belle Saison / French Saison (3711)	5	Mangrove Jack - French Saison Ale M29	M29 French Saison Yeast
440	high	solo:be-256	4	Fermentis - Safbrew - Abbaye Yeast BE-256	SafAle BE-256
435	medium	Conan (Vermont Ale)	0	GigaYeast - Vermont IPA Yeast	Vermont Ale
418	high	Irish Ale (1084)	0	Imperial Yeast - A10 Darkness	A10 Darkness
395	high	solo:a24	0	Imperial Yeast - A24 Dry Hop	A24 Dry Hop
391	high	Chimay (Trappist, WLP500)	4	Wyeast - Belgian Ale 1214	1214 Belgian Abbey Style Ale
389	high	California Common / Anchor Steam (WLP810)	0	Wyeast - California Lager 2112	2112 California Lager
380	high	solo:wlp566	0	White Labs - Belgian Saison II Yeast WLP566	WLP566 Belgian Saison II Ale Yeast
371	high	Burton / Thames Valley (1275)	1	White Labs - Burton Ale Yeast WLP023	WLP023 Burton Ale Yeast
364	high	Windsor (Whitbread B)	1	Mangrove Jack - Empire Ale M15	M15 Empire Ale Yeast
362	high	Conan (Vermont Ale)	0	Imperial Yeast - A04 Barbarian	A04 Barbarian
354	high	solo:m84	3	Mangrove Jack - Bohemian Lager Yeast M84	M84 Bohemian Lager Yeast
353	high	West Yorkshire / Timothy Taylor (1469)	0	Wyeast - West Yorkshire 1469	1469 West Yorkshire Ale
350	high	solo:wlp800	2	White Labs - Pilsner Lager Yeast WLP800	WLP800 Pilsner Lager Yeast
342	high	California Common / Anchor Steam (WLP810)	0	White Labs - San Francisco Lager Yeast WLP810	WLP810 San Francisco Lager Yeast
342	high	Belgian Wit II (WLP410)	0	Mangrove Jack - Belgian Wit M21	M21 Belgian Wit Yeast
336	high	British Ale I (Whitbread)	3	Imperial Yeast - A01 House	A01 House
334	high	solo:wlp080	0	White Labs - Cream Ale Yeast Blend WLP080	WLP080 Cream Ale Yeast Blend
330	high	solo:s-189	0	Fermentis - Saflager - Swiss Lager Yeast S-189	SafLager S-189
323	low		0	Coopers Ale	
320	high	Diamond (Munich 2308)	4	Wyeast - Munich Lager 2308	2308 Munich Lager
318	high	Duvel (Belgian Golden, WLP570)	1	Wyeast - Belgian Strong Ale 1388	1388 Belgian Strong Ale
311	medium	Fuller's (WLP002)	4	Danstar - London ESB Yeast	English Ale I
303	medium	Chimay (Trappist, WLP500)	3	Fermentis - Safbrew - Abbaye Yeast	LalBrew Abbaye
298	high	Mexican Lager / Dos Equis (WLP940)	1	White Labs - Mexican Lager Yeast WLP940	WLP940 Mexican Lager Yeast
298	high	Conan (Vermont Ale)	0	Omega Yeast Labs - DIPA Ale OYL-052	OYL-052 DIPA Ale
295	high	Burton / Thames Valley (1275)	1	Wyeast - Thames Valley Ale 1275	1275 Thames Valley Ale
295	high	BE-134 (Saison Dupont)	2	Mangrove Jack - Belgian Ale Yeast M41	M41 Belgian Ale Yeast
294	high	Rochefort / Abbey IV (WLP540)	0	Wyeast - Belgian Abby Ale II 1762	1762 Belgian Abbey Style Ale II
288	high	Adnams (Southwold 1335)	0	Wyeast - British Ale 1335	1335 British Ale II
288	medium	Munich Helles / Augustiner (WLP860)	0	Imperial Yeast - L17 Harvest	Biergarten Lager
279	high	solo:1187	2	Wyeast - Ringwood Ale 1187	1187 Ringwood Ale
279	high	Trois (Saccharomyces 'brux-like')	0	Imperial Yeast - A20 Citrus	A20 Citrus
270	high	solo:m76	2	Mangrove Jack - Bavarian Lager M76	M76 Bavarian Lager Yeast
266	high	East Coast Ale (WLP008)	1	Danstar - Lalbrew New England East Coast Ale Yeast	OYL-032 East Coast Ale
258	high	Trois (Saccharomyces 'brux-like')	0	Omega Yeast Labs - Tropical IPA OYL-200	OYL-200 Tropical IPA
256	high	Duvel (Belgian Golden, WLP570)	1	White Labs - Belgian Golden Ale Yeast WLP570	WLP570 Belgian Golden Ale Yeast
251	high	Windsor (Whitbread B)	1	Wyeast - Whitbread Ale 1099	1099 Whitbread Ale
250	high	solo:a09	2	Imperial Yeast - A09 Pub	A09 Pub
248	high	American Hefeweizen (Widmer)	1	White Labs - American Hefeweizen Ale Yeast WLP320	WLP320 American Hefeweizen Ale Yeast
247	high	Weihenstephan 3068 (WLP380)	0	White Labs - Hefeweizen IV Ale Yeast WLP380	WLP380 Hefeweizen IV Ale Yeast
244	high	solo:wlp820	3	White Labs - Oktoberfest/Märzen Lager Yeast WLP820	WLP820 Oktoberfest/Marzen Lager Yeast
244	high	Conan (Vermont Ale)	0	White Labs - Burlington Ale Yeast WLP095	WLP095 Burlington Ale Yeast
243	high	Southern German Lager (WLP838)	1	White Labs - Southern German Lager Yeast WLP838	WLP838 Southern German Lager Yeast
243	medium	Munich Helles / Augustiner (WLP860)	0	Danstar - Munich Dry Wheat Yeast	Biergarten Lager
240	low		0	 - Default - - -	
240	high	Voss	0	Imperial Yeast - A43 Loki	A43 Loki
232	high	solo:m31	0	Mangrove Jack - Belgian Tripel M31	M31 Belgian Tripel Yeast
231	high	Weihenstephan 34/70 (WLP830)	3	Wyeast - Czech Pils 2278	2278 Czech Pils
224	high	Belle Saison / French Saison (3711)	3	White Labs - Belgian Strong Ale Yeast WLP545	WLP545 Belgian Strong Ale Yeast
222	high	Chico (West Coast)	3	Omega Yeast Labs - West Coast Ale I OYL-004	OYL-004 West Coast Ale I
221	high	Voss	0	The Yeast Bay - Sigmund's Voss Kveik	Voss Kveik
217	high	American Ale II (1272)	3	Mangrove Jack - US West Coast Yeast	American Ale
217	high	solo:wlp099	0	White Labs - Super High Gravity Ale Yeast WLP099	WLP099 Super High Gravity Ale Yeast
212	high	solo:m47	2	Mangrove Jack - Belgian Abbey M47	M47 Belgian Abbey Yeast
209	high	solo:wlp840	1	White Labs - American Lager Yeast WLP840	WLP840 American Lager Yeast
205	low		0	White Labs - Champagne Yeast WLP715	
203	high	Roeselare (Rodenbach Blend)	0	Wyeast - Roeselare Ale Blend 3763	3763 Roeselare Ale Blend
202	high	Trois (Saccharomyces 'brux-like')	0	White Labs - Saccharomyces "Bruxellensis" Trois WLP644	WLP644 Saccharomyces brux-like Trois
200	medium	American Ale II (1272)	3	Fermentis - Safale - American Ale Yeast US-56	American Ale
198	high	Budvar (Czech Budejovice, WLP802)	0	White Labs - Czech Budejovice Lager Yeast WLP802	WLP802 Czech Budejovice Lager Yeast
192	high	Pacific NW / BridgePort (1332)	1	White Labs - Pacific Ale Yeast WLP041	WLP041 Pacific Ale Yeast
191	high	Pilsen Lager (2007)	0	Wyeast - Pilsen Lager 2007	2007 Pilsen Lager
188	high	solo:2633	0	Wyeast - Octoberfest Lager Blend 2633	2633 Octoberfest Lager Blend
186	medium	Kölsch (WLP029)	1	Imperial Yeast - G03 Dieter	Kolsch Ale
184	high	solo:wlp670	0	White Labs - American Farmhouse Blend WLP670	WLP670 American Farmhouse Blend
180	medium	S-23 (Pilsner Urquell H-Strain)	3	Muntons Premium Gold	Premium Pils
180	high	Belgian Saison II (3726)	0	Wyeast - Farmhouse Ale 3726	3726 Farmhouse Ale
178	high	solo:wldmunichclassic	0	Danstar - Munich Classic Wheat Beer Yeast	LalBrew Munich Classic
177	low		0	Gervin Ale (by Muntons) GV-12	
175	high	solo:wlp590	3	White Labs - French Saison Ale Yeast WLP590	WLP590 French Saison Ale Yeast
171	high	solo:3056	0	Wyeast - Bavarian Wheat 3056	3056 Bavarian Wheat Blend
169	high	Bavarian Weizen (Muri, WLP351)	3	White Labs - Bavarian Weizen Yeast WLP351	WLP351 Bavarian Weizen Ale Yeast
164	high	solo:wlp036	2	White Labs - Dusseldorf Alt Yeast WLP036	WLP036 Dusseldorf Alt Ale Yeast
160	medium	Chimay (Trappist, WLP500)	3	Danstar - Abbaye Ale Yeast	LalBrew Abbaye
159	high	Trois (Saccharomyces 'brux-like')	0	White Labs - Brettanomyces Bruxellensis Trois WLP644	WLP644 Saccharomyces brux-like Trois
159	high	Hornindal	0	Escarpment Labs - Hornindal Kveik Blend	Hornindal Kveik Blend
147	high	solo:wlp568	0	White Labs - Belgian Style Saison Blend WLP568	WLP568 Belgian Style Saison Ale Yeast Blend
147	medium	Belgian Saison II (3726)	0	Imperial Yeast - B56 Rustic	B56 Rustic
142	medium	Bohemian Lager (2124)	4	Imperial Yeast - L13 Global	L13 Global
137	low		0	Munton and Fison	
137	high	San Diego Super / Ballast Point (WLP090)	1	Wyeast - Rogue Pacman 1764	1764 Pacman
131	high	San Diego Super / Ballast Point (WLP090)	2	Imperial Yeast - A18 Joystick	A18 Joystick
127	high	American Ale II (1272)	3	Imperial Yeast - A15 Independence	A15 Independence
126	medium	Diamond (Munich 2308)	3	Danstar - Diamond Lager	LalBrew Diamond Lager
123	high	Hoegaarden (Forbidden Fruit 3463)	0	Wyeast - Forbidden Fruit 3463	OYL-023 Grand Cru
123	medium	Whitbread (S-04)	5	Mangrove Jack - British Ale Yeast	SafAle S-04
123	high	Weihenstephan 34/70	4	Wyeast - American Lager 2035	2035-PC American Lager
116	high	Bavarian Weizen (Muri, WLP351)	3	Wyeast - Bavarian Wheat 3638	3638 Bavarian Wheat
115	high	solo:oyl-500	0	Omega Yeast Labs - Saisonstein’s Monster OYL-500	OYL-500 Saisonstein
113	medium	Weihenstephan 3068 (WLP380)	0	Imperial Yeast - G01 Stefon	G01 Stefon
111	high	Weihenstephan Hefe (WLP300)	3	Wyeast - German Wheat 3333	3333 German Wheat
110	medium	Whitbread (S-04)	5	Mangrove Jack - British Ale Yeast M07	SafAle S-04
108	high	S-23 (Pilsner Urquell H-Strain)	4	Wyeast - Urquell Lager 2001	2001 Pilsner Urquell H-Strain
102	high	London Ale III (1318)	2	Omega Yeast Labs - British Ale V OYL-011	OYL-011 British Ale I
101	high	Orval (Bastogne, WLP510)	0	White Labs - Belgian Bastogne Ale Yeast WLP510	WLP510 Bastogne Belgian Ale Yeast
98	medium	Weihenstephan 34/70 (WLP830)	4	Imperial Yeast - L28 Urkel	L28 Urkel
97	low		0	GigaYeast - NorCal Ale #1	
97	high	Rochefort / Abbey IV (WLP540)	0	White Labs - Abbey IV Ale Yeast WLP540	WLP540 Abbey IV Ale Yeast
97	high	Voss	0	Lallemand - LALBREW® VOSS KVEIK ALE YEAST	Voss Kveik
94	high	solo:3278	0	Wyeast - Belgian Lambic Blend 3278	3278 Belgian Lambic Blend
93	medium	Conan (Vermont Ale)	0	Escarpment Labs - Vermont Ale	Vermont Ale
92	medium	Belle Saison / French Saison (3711)	4	Imperial Yeast - B64 Napoleon	B64 Napoleon
91	medium	Conan (Vermont Ale)	0	Omega Yeast Labs - DIPA Ale	OYL-052 DIPA Ale
90	high	Munich Helles / Augustiner (WLP860)	0	Omega Yeast Labs - Bayern Lager OYL-114	OYL-114 Bayern Lager
90	high	British Ale I (Whitbread)	3	Omega Yeast Labs - British Ale I OYL-006	OYL-006 British Ale I
85	low		0	White Labs - Sweet Mead/Wine Yeast WLP720	
81	high	Irish Ale (1084)	0	Omega Yeast Labs - Irish Ale OYL-005	OYL-005 Irish Ale
79	high	solo:3942-pc	0	Wyeast - Belgian Wheat 3942	3942-PC Belgian Wheat
78	high	solo:wlp011	0	White Labs - European Ale Yeast WLP011	WLP011 European Ale Yeast
77	high	Scottish Ale (1728)	1	Imperial Yeast - A31 Tartan	A31 Tartan
76	high	Westmalle (WLP530)	0	Imperial Yeast - B48 Triple Double	B48 Triple Double
74	high	Belgian Wit II (WLP410)	0	White Labs - Belgian Wit II Ale Yeast WLP410	WLP410 Belgian Wit II Ale Yeast
73	high	West Yorkshire / Timothy Taylor (1469)	0	White Labs - Essex Ale Yeast WLP022	WLP022 Essex Ale Yeast
72	high	Kölsch (WLP029)	1	Omega Yeast Labs - Kolsch II OYL-044	OYL-044 Kolsch II
71	medium	Ardennes / Achouffe (WLP550)	0	Mangrove Jack - Belgian Ale Yeast	Ardennes Ale
67	high	solo:wlp085	0	White Labs - English Ale Blend WLP085	WLP085 English Ale Yeast Blend
67	medium	Ardennes / Achouffe (WLP550)	0	Imperial Yeast - B45 Gnome	Ardennes Ale
66	low		0	Wyeast - Lactobacillus 5335	
66	high	solo:wlp009	0	White Labs - Australian Ale Yeast WLP009	WLP009 Australian Ale Yeast
66	high	solo:wlp630	0	White Labs - Berliner Weisse Blend WLP630	WLP630 Berliner Weisse Blend
65	medium	German Ale / Kölsch (1007)	2	Imperial Yeast - G02 Kaiser	G02 Kaiser
65	medium	Conan (Vermont Ale)	0	Lallemand - Lalbrew New England	Vermont Ale
65	low		0	Brewferm - Brewferm Top	
65	high	Old Bavarian Lager (WLP920)	0	White Labs - Old Bavarian Lager Yeast WLP920	WLP920 Old Bavarian Lager Yeast
65	high	solo:wlp648	0	White Labs - Brettanomyces Bruxellensis Trois Vrai WLP648	WLP648 Brettanomyces bruxellensis Trois Vrai
65	high	Kölsch (2565)	1	Omega Yeast Labs - Kolsch I OYL-017	OYL-017 Kolsch I
65	medium	Nottingham	1	Lallemand - LALBREW® NOTTINGHAM HIGH PERFORMANCE ALE YEAST	LalBrew Nottingham
64	medium	solo:b44	0	Imperial Yeast - B44 Whiteout	B44 Whiteout
63	medium	Chico (American Ale)	4	Escarpment Labs - Cali Ale	Cali Ale
62	high	solo:wlp575	0	White Labs - Belgian Style Ale Yeast Blend WLP575	WLP575 Belgian Style Ale Yeast Blend
62	high	solo:wlp655	0	White Labs - Belgian Sour Mix WLP655	WLP655 Belgian Sour Mix 1